gene	measurement	outlier_threshold1	percent_accurate_mean1	outlier_threshold2	percent_accurate_mean2	outlier_threshold3	percent_accurate_mean3	outlier_threshold4	percent_accurate_mean4
AAMP	7.73761916729	7.57869845628738	99.91368705684026	7.71131885051727	90.65327616744308	NA	NA	7.92496514320374	NA
ABCF1	7.3889644159	6.76590180397034	100	6.63542461395264	100	NA	NA	6.71941351890564	100
ABCF2	6.42122329923	6.1809201836586	99.7199970382438	6.42877733707428	NA	NA	NA	6.35233783721924	95.09693485274717
AC132217.4	10.4058647572	22.1237854361534	NA	7.06800585985184	100	NA	NA	9.2644122838974	100
ACIN1	8.55378286605	9.06489157676697	NA	7.89506947994232	100	NA	NA	7.97195982933044	99.98043052837573
ACOT13	6.18626283567	5.61808627843857	NA	5.51891356706619	NA	NA	NA	5.72479069232941	NA
ACP1	8.55378286605	7.78185939788818	NA	7.04498171806335	NA	NA	NA	7.38118648529053	NA
ADAT1	6.06458110919	5.8432708978653	NA	5.75340032577515	NA	NA	NA	5.88030672073364	NA
ADGRA2	5.9724629072	9.04943957924843	NA	4.21948349475861	NA	NA	NA	5.76781904697418	NA
AFG3L2	5.98276546258	6.26613712310791	NA	5.87802541255951	NA	NA	NA	5.94074320793152	NA
AGBL5	6.23610988989	6.03877910971642	NA	5.32619214057922	NA	NA	NA	5.73353791236877	NA
ALDH1A2	8.43475331138	5.7542672380805	NA	3.19205105304718	NA	NA	NA	4.23186355829239	NA
ALG13	6.037382222	6.22720158100128	NA	5.85883224010468	NA	NA	NA	5.85191655158997	NA
ANP32E	7.16510798514	7.22013020515442	NA	6.35570335388184	NA	NA	NA	6.77744245529175	NA
AP1G2	6.92599941856	7.42584878206253	NA	6.37555944919586	NA	NA	NA	6.76448714733124	NA
APEX1	9.17572418538	8.82619100809097	NA	8.67678701877594	NA	NA	NA	8.92108726501465	NA
ARF1	9.14065086038	9.47817540168762	NA	8.97709095478058	NA	NA	NA	9.14064478874207	NA
ARHGAP4	7.15694262091	8.298603951931	NA	6.37262630462646	NA	NA	NA	6.40349900722504	NA
ARL16	6.67341508722	6.68806660175323	NA	6.51483356952667	NA	NA	NA	6.54834246635437	NA
ASH2L	5.91097245166	6.91095560789108	NA	5.77883732318878	NA	NA	NA	5.89239287376404	NA
ATAD3A	6.45975946662	6.48887920379639	NA	5.98176997900009	NA	NA	NA	6.05776810646057	NA
ATAD3B	5.76606505147	6.6605170071125	NA	5.4379797577858	NA	NA	NA	5.50942468643188	NA
ATG4B	7.04581425619	7.57583349943161	NA	6.92261695861816	NA	NA	NA	6.96484017372131	NA
ATPAF2	5.96092866731	5.77264702320099	NA	5.41078317165375	NA	NA	NA	5.40398097038269	NA
BAZ1A	6.05745027218	5.89533621072769	NA	5.00908023118973	NA	NA	NA	5.44077789783478	NA
BCLAF1	7.94673086014	7.88585311174393	NA	7.45433759689331	NA	NA	NA	7.69824695587158	NA
BLMH	6.53543091487	6.55533003807068	NA	6.08741736412048	NA	NA	NA	6.3322594165802	NA
BOD1	7.61456262282	7.41556692123413	NA	7.03047931194305	NA	NA	NA	7.40851640701294	NA
BPHL	6.57258654939	5.84093201160431	NA	5.73121154308319	NA	NA	NA	5.81497311592102	NA
BRD9	6.42760617278	6.10698717832565	NA	5.91020095348358	NA	NA	NA	5.93574452400208	NA
BRE	6.03121873061	6.87412875890732	NA	5.8605545759201	NA	NA	NA	5.85909557342529	NA
BRMS1	6.73240488678	6.75262248516083	NA	6.2025603055954	NA	NA	NA	6.30054879188538	NA
C14orf119	6.64212391615	7.3858739733696	NA	6.49937212467194	NA	NA	NA	6.55412173271179	NA
C14orf166	8.80099693892	8.7029305100441	NA	8.16378271579742	NA	NA	NA	8.55773138999939	NA
C1orf35	6.26247074299	5.85336893796921	NA	5.5240426659584	NA	NA	NA	5.6198251247406	NA
CABYR	5.91241035381	5.6827834546566	NA	4.39454400539398	NA	NA	NA	5.13178324699402	NA
CAD	7.07221301224	6.88797330856323	NA	6.0718697309494	NA	NA	NA	6.39710068702698	NA
CBWD1	6.90845266927	6.55663514137268	NA	5.69846379756927	NA	NA	NA	5.74383306503296	NA
CBWD2	6.27705487615	6.53517079353333	NA	5.53570020198822	NA	NA	NA	5.55992197990417	NA
CBWD3	6.20261362015	6.63478606939316	NA	5.69971019029617	NA	NA	NA	5.75150418281555	NA
CBWD5	6.73674015545	6.85400587320328	NA	6.30580997467041	NA	NA	NA	6.30118012428284	NA
CBWD7	6.02680005934	5.97641775012016	NA	5.25730621814728	NA	NA	NA	5.16668021678925	NA
CCDC58	6.72164607842	6.42100894451141	NA	5.66317439079285	NA	NA	NA	5.80803775787354	NA
CCDC86	6.25001411501	6.02317100763321	NA	5.507368683815	NA	NA	NA	5.57753539085388	NA
CCNC	6.34872815423	6.52628034353256	NA	5.80506205558777	NA	NA	NA	5.90482258796692	NA
CCNE1	5.76765479824	8.37428945302963	NA	3.78033331036568	NA	NA	NA	4.74590170383453	NA
CCT6A	8.94564866697	8.55431264638901	NA	8.51535952091217	NA	NA	NA	8.7554292678833	NA
CD163L1	5.90953311495	6.62641534209251	NA	2.91922128200531	NA	NA	NA	3.09215739369392	NA
CDC37	8.36439733732	8.53857851028442	NA	8.02663207054138	NA	NA	NA	8.05877137184143	NA
CDK11A	6.8135246893	7.12018513679504	NA	6.56885588169098	NA	NA	NA	6.65295171737671	NA
CDK11B	6.49281457257	6.15672290325165	NA	6.34079587459564	NA	NA	NA	6.27327156066895	NA
CFH	9.33929330018	9.94503822922707	NA	6.19667649269104	NA	NA	NA	6.64281594753265	NA
CHD1L	6.33664044641	6.3343340754509	NA	5.71447372436523	NA	NA	NA	5.91956067085266	NA
CHD8	6.53106949273	6.28740829229355	NA	6.28004586696625	NA	NA	NA	6.42383360862732	NA
CHMP4A	7.94871764126	7.81795930862427	NA	7.13477373123169	NA	NA	NA	7.3471462726593	NA
CHTF8	6.70708299177	7.08071345090866	NA	6.58203303813934	NA	NA	NA	6.6740026473999	NA
CLPTM1L	7.5892391566	8.09735941886902	NA	7.46930932998657	NA	NA	NA	7.43496990203857	NA
CNOT11	6.66959375119	5.81944644451141	NA	5.39784920215607	NA	NA	NA	5.78398275375366	NA
CNOT3	7.30441977532	6.60331159830093	NA	6.17864215373993	NA	NA	NA	6.74578976631165	NA
CNOT7	7.10129288755	7.48109465837479	NA	6.48837089538574	NA	NA	NA	6.93557715415955	NA
COA1	6.95942242009	6.92538022994995	NA	6.64994859695435	NA	NA	NA	6.82783937454224	NA
COL2A1	5.76765479824	11.8614951847121	NA	1.22324105352163	NA	NA	NA	3.30117172002792	NA
COPS3	7.72764822227	7.56162160634995	NA	6.86135423183441	NA	NA	NA	7.09564638137817	NA
COPS7B	6.39454843917	6.4163733124733	NA	6.08939945697784	NA	NA	NA	6.12179970741272	NA
CPSF2	6.02214584287	6.03849178552628	NA	5.8835774064064	NA	NA	NA	5.93379366397858	NA
CPSF3	7.26425492037	6.51578092575073	NA	5.83630359172821	NA	NA	NA	6.2234525680542	NA
CRABP2	9.85321597215	13.4733803272247	NA	5.40419256687164	NA	NA	NA	8.2483286857605	NA
CTPS1	6.41193462479	7.06776696443558	NA	5.92471408843994	NA	NA	NA	6.3170964717865	NA
CTSL	8.2630813678	11.1661690473557	NA	8.13536953926086	NA	NA	NA	8.0284161567688	NA
CXorf56	5.84423498776	5.47932833433151	NA	5.02864617109299	NA	NA	NA	5.12688195705414	NA
CYCS	8.85735900976	7.95882791280746	NA	8.47497856616974	NA	NA	NA	8.32485842704773	NA
DACT1	6.63749432521	7.27343645691872	NA	4.33375513553619	NA	NA	NA	5.06658905744553	NA
DAZAP1	6.69905184402	7.2963604927063	NA	6.23930871486664	NA	NA	NA	6.46405529975891	NA
DBNL	7.67969121016	7.84620529413223	NA	7.46587300300598	NA	NA	NA	7.43898487091064	NA
DDX10	5.75435307169	6.43694949150085	NA	5.02518612146378	NA	NA	NA	5.51991820335388	NA
DDX18	6.63865311647	6.72815299034119	NA	6.24646723270416	NA	NA	NA	6.41738247871399	NA
DDX19A	6.12515513132	6.01428598165512	NA	5.96557402610779	NA	NA	NA	6.04217672348022	NA
DDX19B	6.07103324446	6.11007887125015	NA	5.94635879993439	NA	NA	NA	5.91257047653198	NA
DDX27	6.17132694023	6.65240639448166	NA	5.73685598373413	NA	NA	NA	5.96657800674438	NA
DDX5	10.1559945647	10.3256099820137	NA	9.78945541381836	NA	NA	NA	9.84363865852356	NA
DDX56	7.29865831556	7.58347314596176	NA	7.29351496696472	NA	NA	NA	7.29247951507568	NA
DES	8.09645162448	20.5186583697796	NA	5.50215236097574	NA	NA	NA	7.39571748673916	NA
DFFA	5.83238371655	5.61562469601631	NA	5.41743355989456	NA	NA	NA	5.54464173316956	NA
DHX16	5.85374619701	5.58287596702576	NA	5.3476499915123	NA	NA	NA	5.47076797485352	NA
DKC1	7.39248916197	6.96512693166733	NA	6.23662805557251	NA	NA	NA	6.5344545841217	NA
DMKN	7.30122180533	9.59542499482632	NA	5.36825653910637	NA	NA	NA	6.88939720392227	NA
DNAAF5	5.95093492831	5.90428403019905	NA	5.78211259841919	NA	NA	NA	6.02060890197754	NA
DNAJC11	6.38335869539	6.19378954172134	NA	5.88673436641693	NA	NA	NA	5.92550563812256	NA
DNAJC2	6.33360262827	6.18410390615463	NA	5.46446323394775	NA	NA	NA	6.1150666475296	NA
DNAJC7	7.62197858435	7.53494429588318	NA	7.23499250411987	NA	NA	NA	7.43669581413269	NA
DNMT3A	6.54966917073	8.02168565988541	NA	4.75318723917007	NA	NA	NA	6.05551278591156	NA
DPAGT1	5.99864683901	6.16888970136642	NA	5.82497298717499	NA	NA	NA	5.97058367729187	NA
DUS1L	7.51538446064	7.58089882135391	NA	7.080038189888	NA	NA	NA	7.14774417877197	NA
DUXAP8	6.31867837374	9.57719081640244	NA	5.39379227161407	NA	NA	NA	6.11675614118576	NA
DUXAP9	6.32282949763	8.29802304506302	NA	4.12178882956505	NA	NA	NA	4.50632399320602	NA
EAPP	6.42240121558	6.28146958351135	NA	6.41521620750427	NA	NA	NA	6.5753915309906	NA
EBNA1BP2	7.09117089003	7.03103125095367	NA	6.97626292705536	NA	NA	NA	6.96700572967529	NA
ECHDC1	6.99435343686	6.61161661148071	NA	6.44140887260437	NA	NA	NA	6.55850625038147	NA
EDC4	6.80271021929	7.17268621921539	NA	6.49814963340759	NA	NA	NA	6.54995465278625	NA
EEF1E1	6.30724635523	5.97439774870872	NA	5.70240998268127	NA	NA	NA	5.92203688621521	NA
EIF2B4	6.44956137461	6.60552877187729	NA	6.25757098197937	NA	NA	NA	6.26545119285583	NA
EIF3B	8.98093926609	8.18407201766968	NA	7.80977582931519	NA	NA	NA	7.83857870101929	NA
EIF3G	8.78398041368	9.10911482572556	NA	8.51232504844666	NA	NA	NA	8.54585838317871	NA
EIF5B	7.03727239025	6.60264593362808	NA	6.75148630142212	NA	NA	NA	6.81062722206116	NA
ELAC2	6.48349335128	6.7152646780014	NA	6.29978406429291	NA	NA	NA	6.40501976013184	NA
ELFN1-AS1	6.29847503474	1.97697073221207	NA	0.409074537456036	NA	NA	NA	0.56627131998539	NA
ELP2	6.49265437102	7.03804820775986	NA	6.2041642665863	NA	NA	NA	6.40858626365662	NA
EMC9	6.04919510562	7.28082996606827	NA	5.80302739143372	NA	NA	NA	5.80250978469849	NA
EME1	5.87405920314	6.0485063791275	NA	4.39059510827065	NA	NA	NA	5.15389037132263	NA
ENSA	8.24093440226	8.68421548604965	NA	8.20887649059296	NA	NA	NA	8.17400717735291	NA
ERAL1	6.80877115933	6.47068512439728	NA	6.63951444625854	NA	NA	NA	6.654625415802	NA
ERVK3-1	7.30915799357	6.37703704833984	NA	6.94164478778839	NA	NA	NA	6.74275255203247	NA
EXOSC1	5.98025384599	6.07453626394272	NA	5.57430696487427	NA	NA	NA	5.92866182327271	NA
EXOSC3	6.27295630794	5.7373389005661	NA	5.24354547262192	NA	NA	NA	5.83522200584412	NA
FAM126A	5.94813357784	6.31409379839897	NA	5.8630006313324	NA	NA	NA	5.73145842552185	NA
FAM136A	6.71094415458	6.26028442382812	NA	5.56728398799896	NA	NA	NA	6.37451696395874	NA
FAM177A1	6.81813476081	7.05929309129715	NA	6.61828303337097	NA	NA	NA	6.70038175582886	NA
FAM50A	7.56635853269	8.61923629045486	NA	7.36688029766083	NA	NA	NA	7.41902995109558	NA
FAM98A	6.19239145691	6.26746153831482	NA	6.10314905643463	NA	NA	NA	6.18279957771301	NA
FARSB	5.82807299787	5.69386148452759	NA	5.65786194801331	NA	NA	NA	5.62333655357361	NA
FBRS	6.27482073704	6.51531100273132	NA	6.12134075164795	NA	NA	NA	6.27130174636841	NA
FHOD1	5.8321305011	6.69064596295357	NA	5.67307358980179	NA	NA	NA	5.72336077690125	NA
FIP1L1	7.15370401967	6.61964160203934	NA	6.72311663627625	NA	NA	NA	6.8236072063446	NA
FKBP4	7.5491300614	7.41368299722672	NA	6.55085074901581	NA	NA	NA	6.69580602645874	NA
FLAD1	6.49057013045	6.16735684871674	NA	5.9938600063324	NA	NA	NA	6.22026610374451	NA
FLII	8.2427930236	9.4500560760498	NA	8.00550997257233	NA	NA	NA	7.95893788337708	NA
FOXC1	5.86220339905	6.5263375043869	NA	3.8053483068943	NA	NA	NA	4.79027950763702	NA
FOXP4	7.12111903912	7.12297466397285	NA	5.17488825321198	NA	NA	NA	6.16377925872803	NA
FTSJ1	6.09845324631	6.91807401180267	NA	5.89188408851624	NA	NA	NA	5.94215393066406	NA
FTSJ2	6.73809225962	6.01065254211426	NA	5.80012083053589	NA	NA	NA	5.92556476593018	NA
FTSJ3	6.27556583456	6.43066281080246	NA	6.11293387413025	NA	NA	NA	6.1729850769043	NA
GALE	6.30524096595	5.70221534371376	NA	5.72924470901489	NA	NA	NA	5.76179981231689	NA
GARS	8.42618087465	8.68491166830063	NA	7.52852392196655	NA	NA	NA	7.90424346923828	NA
GEMIN2	6.50446149653	5.40789371728897	NA	5.00505387783051	NA	NA	NA	5.07953381538391	NA
GET4	7.02890061573	6.88491922616959	NA	6.35981738567352	NA	NA	NA	6.39933562278748	NA
GGA2	6.41920177385	7.25315654277802	NA	5.79790204763412	NA	NA	NA	6.10147166252136	NA
GGCT	8.16369998708	6.81450325250626	NA	6.65652644634247	NA	NA	NA	6.69878196716309	NA
GMPR2	7.02812708232	7.0793149471283	NA	6.79685091972351	NA	NA	NA	7.02043294906616	NA
GNPDA1	6.57031112432	6.62436032295227	NA	6.40153408050537	NA	NA	NA	6.49433040618896	NA
GPATCH4	6.35438163211	5.93534713983536	NA	5.9499454498291	NA	NA	NA	6.02829074859619	NA
GPC3	8.71417681627	13.6786153316498	NA	3.17516899108887	NA	NA	NA	7.24983966350555	NA
GRPEL1	5.8696246862	5.92055666446686	NA	5.64357769489288	NA	NA	NA	5.81385946273804	NA
GTF2E2	5.9267110991	5.87239164113998	NA	5.02540415525436	NA	NA	NA	5.79374742507935	NA
GTF2H4	6.33485426933	6.03985029459	NA	5.93851661682129	NA	NA	NA	5.92698621749878	NA
GTF3C2	6.82413137939	6.88460713624954	NA	6.14526534080505	NA	NA	NA	6.43677997589111	NA
GTF3C6	7.60414547344	7.35599136352539	NA	7.60175490379333	NA	NA	NA	7.58358979225159	NA
HARS2	6.00315244867	5.6879620552063	NA	5.27140426635742	NA	NA	NA	5.30779957771301	NA
HBS1L	6.91934008244	6.74948865175247	NA	6.51661717891693	NA	NA	NA	6.59273791313171	NA
HEIH	5.93002764088	6.67363274097443	NA	5.80836665630341	NA	NA	NA	5.91555547714233	NA
HMGA2	6.10076744957	10.2354480922222	NA	0.960226505994797	NA	NA	NA	4.31705896137282	NA
HMGB3	8.3927038072	9.01034390926361	NA	7.40930759906769	NA	NA	NA	7.95149707794189	NA
HMGN3	9.38394184246	8.40223199129105	NA	7.75942897796631	NA	NA	NA	7.97292065620422	NA
HNRNPA2B1	10.7755032886	10.8156238794327	NA	10.4253885746002	NA	NA	NA	10.5101375579834	NA
HNRNPAB	8.56666296296	8.63267982006073	NA	7.95982265472412	NA	NA	NA	8.56028366088867	NA
HNRNPC	10.2154237925	10.2030755281448	NA	9.935631275177	NA	NA	NA	10.2186679840088	NA
HNRNPH1	9.58918296704	10.5512786507607	NA	9.53145051002502	NA	NA	NA	9.5003707408905	NA
HOXA-AS2	6.61264737766	5.4067974537611	NA	4.03573546884581	NA	NA	NA	7.84962306451052	NA
HOXA9	5.99118168141	7.11105209589005	NA	1.08263783156872	NA	NA	NA	4.4874519109726	NA
HSPA4	7.47508488295	7.47138804197311	NA	6.87497889995575	NA	NA	NA	7.26443576812744	NA
HSPD1	9.11408066488	9.59205281734467	NA	8.53951978683472	NA	NA	NA	8.89767789840698	NA
HUWE1	7.26987472248	7.41859364509583	NA	7.07851088047028	NA	NA	NA	7.23720669746399	NA
IAH1	6.97796675762	7.26892900466919	NA	6.75642454624176	NA	NA	NA	6.656334400177	NA
ICT1	6.220716892	6.66575461626053	NA	6.07269930839539	NA	NA	NA	6.103440284729	NA
ID2	10.2943795138	9.53983479738235	NA	9.42077910900116	NA	NA	NA	9.48698925971985	NA
ID2-AS1	6.73470962023	2.35029301047325	NA	4.6349863409996	NA	NA	NA	4.67306452989578	NA
IK	7.60540543683	7.72522777318954	NA	7.45659828186035	NA	NA	NA	7.50454998016357	NA
ILF2	9.1953722074	8.81409031152725	NA	8.66309666633606	NA	NA	NA	9.09616088867188	NA
IMP4	7.5284150392800004	7.1675426363945	NA	6.86389183998108	NA	NA	NA	6.97446036338806	NA
INO80E	6.92017418243	6.96669548749924	NA	6.8088995218277	NA	NA	NA	6.83235335350037	NA
IPO4	6.62175885671	6.30526155233383	NA	5.44512605667114	NA	NA	NA	6.14959740638733	NA
KDM1A	7.67884658212	7.60734438896179	NA	7.56799006462097	NA	NA	NA	8.09020209312439	NA
KIAA0586	5.97177344719	4.6274431347847	NA	4.21950858831406	NA	NA	NA	4.34116899967194	NA
KRI1	6.11603199345	6.36806029081345	NA	5.84440660476685	NA	NA	NA	5.8813579082489	NA
LINC01420	6.5371407298	7.42284888029099	NA	5.9609569311142	NA	NA	NA	6.21282362937927	NA
LRCH4	7.10810622369	6.83830803632736	NA	6.39122450351715	NA	NA	NA	6.40012645721436	NA
LSM5	8.40160486971	7.74870878458023	NA	7.33290600776672	NA	NA	NA	7.94293236732483	NA
LSM8	6.63618957153	6.89655256271362	NA	6.19589495658875	NA	NA	NA	6.29623937606812	NA
LTV1	6.66505161429	6.12661218643188	NA	5.05407953262329	NA	NA	NA	5.27509891986847	NA
LYAR	5.80167602925	5.26266095042229	NA	4.66241663694382	NA	NA	NA	5.00036728382111	NA
MAD1L1	6.12515513132	7.661625623703	NA	5.67693936824799	NA	NA	NA	5.83922743797302	NA
MAGEA9B	6.51428009563	0.417007636278868	NA	0.0714228814467788	NA	NA	NA	0.07177475374192	NA
MAGED2	8.88065491786	9.70274299383163	NA	8.54897677898407	NA	NA	NA	8.71522736549377	NA
MAGI2-AS3	6.89832929773	6.47886189818382	NA	6.19485211372375	NA	NA	NA	6.33911991119385	NA
MALSU1	7.71046207398	6.75279104709625	NA	7.07042157649994	NA	NA	NA	7.01663994789124	NA
MDC1	6.42324199597	6.60663270950317	NA	5.83244180679321	NA	NA	NA	6.1078028678894	NA
MEG3	10.46712661	18.0064021646976	NA	9.87167537212372	NA	NA	NA	10.4052820205688	NA
METTL17	6.95953834111	8.01947873830795	NA	6.79677677154541	NA	NA	NA	6.73384737968445	NA
METTL5	6.47994190148	6.84686857461929	NA	6.46547651290894	NA	NA	NA	6.47303867340088	NA
MIA3	7.08788710093	6.77486795186996	NA	6.2964380979538	NA	NA	NA	6.52922058105469	NA
MIR503HG	6.19770815796	13.1681422740221	NA	4.50366318225861	NA	NA	NA	5.19453418254852	NA
MITD1	5.91767043436	6.48167788982391	NA	5.70355129241943	NA	NA	NA	5.90190100669861	NA
MORF4L2	9.31192991743	10.2091510295868	NA	8.82843601703644	NA	NA	NA	8.90079116821289	NA
MPHOSPH6	6.26303440583	5.65316551923752	NA	5.70888984203339	NA	NA	NA	5.80379199981689	NA
MRPL11	7.39934201913	7.47865068912506	NA	6.77236258983612	NA	NA	NA	7.26788997650146	NA
MRPL2	7.11727946005	6.92447155714035	NA	6.69228887557983	NA	NA	NA	6.78844785690308	NA
MRPL30	5.79856900356	5.88366109132767	NA	5.50906884670258	NA	NA	NA	5.63176727294922	NA
MRPL32	7.2174246138099996	6.66814321279526	NA	6.56351542472839	NA	NA	NA	6.57293891906738	NA
MRPL45	6.23400306636	6.38038098812103	NA	5.920254945755	NA	NA	NA	6.17491698265076	NA
MRPL52	8.42701945584	8.7170250415802	NA	8.0009092092514	NA	NA	NA	8.02838945388794	NA
MRPL9	7.40947579806	7.3515630364418	NA	6.85825324058533	NA	NA	NA	7.22840809822083	NA
MRPS5	6.95221706497	7.10953813791275	NA	6.36566126346588	NA	NA	NA	6.37138867378235	NA
MRPS9	6.58646452589	6.09584909677505	NA	5.20593404769897	NA	NA	NA	5.46970081329346	NA
MSH5	6.71630503984	6.50756406784058	NA	5.55204999446869	NA	NA	NA	5.53966808319092	NA
MSTO1	6.529196268	7.22823983430862	NA	6.20530033111572	NA	NA	NA	6.29013991355896	NA
MTERF4	6.12990118237	6.58997786045074	NA	5.89570462703705	NA	NA	NA	5.86865186691284	NA
MTX2	6.31922050252	6.58095586299896	NA	5.85659241676331	NA	NA	NA	6.2227635383606	NA
MX2	6.29314973674	7.62288129329681	NA	4.98635852336884	NA	NA	NA	5.12495839595795	NA
MYO19	5.91169158187	7.61723583936691	NA	5.47041422128677	NA	NA	NA	5.80037081241608	NA
NAA10	7.83668159333	8.32158267498016	NA	7.64676177501678	NA	NA	NA	7.58493781089783	NA
NANS	6.57561487762	8.19819700717926	NA	6.38202261924744	NA	NA	NA	6.38721036911011	NA
NASP	8.97257778518	8.93421405553818	NA	8.23747146129608	NA	NA	NA	8.94508123397827	NA
NCL	10.3056741837	10.2234514355659	NA	9.5089203119278	NA	NA	NA	9.58540487289429	NA
NDUFS6	7.65004647885	7.94981861114502	NA	7.26801908016205	NA	NA	NA	7.29324102401733	NA
NDUFV2	7.83187724119	7.86912953853607	NA	7.75258076190948	NA	NA	NA	7.74596452713013	NA
NEDD8	9.50668444773	8.85531848669052	NA	8.7505544424057	NA	NA	NA	8.79902505874634	NA
NELFE	8.13298804263	7.90258848667145	NA	7.64179670810699	NA	NA	NA	7.66495966911316	NA
NGDN	7.037382222	6.86438608169556	NA	6.78964221477509	NA	NA	NA	6.70335578918457	NA
NIF3L1	5.95186750433	5.95572555065155	NA	5.64852130413055	NA	NA	NA	5.73570418357849	NA
NIFK	7.5643019464	7.57456749677658	NA	6.8563688993454	NA	NA	NA	6.90106964111328	NA
NOC2L	7.08225550938	7.14362931251526	NA	6.79949915409088	NA	NA	NA	6.89789247512817	NA
NOL10	6.47605759568	5.14909625053406	NA	4.81261444091797	NA	NA	NA	5.0909059047699	NA
NOL7	7.20476675065	6.8099570274353	NA	6.79260516166687	NA	NA	NA	6.77685976028442	NA
NOL8	6.23553560671	5.79084259271622	NA	5.30094623565674	NA	NA	NA	5.48757660388947	NA
NONO	9.96254902292	9.93672448396683	NA	9.33790898323059	NA	NA	NA	9.8486328125	NA
NOP16	6.22091032165	6.38153856992722	NA	5.7130800485611	NA	NA	NA	5.79147338867188	NA
NRBP1	7.86369071366	7.90299087762833	NA	7.01303470134735	NA	NA	NA	7.29459285736084	NA
NSRP1	6.05224198118	6.26073008775711	NA	5.89185118675232	NA	NA	NA	5.88903570175171	NA
NT5C3B	7.55681257086	7.3859698176384	NA	7.39224481582642	NA	NA	NA	7.39339280128479	NA
NTS	5.78502736224	1.14850783720613	NA	0.566591210663319	NA	NA	NA	1.48637130856514	NA
NUB1	6.71121955689	6.86029505729675	NA	6.61960446834564	NA	NA	NA	6.64636707305908	NA
NUDT1	7.4620523188	8.16280472278595	NA	7.05928432941437	NA	NA	NA	7.21835732460022	NA
NUDT21	6.87676249078	7.21032494306564	NA	6.68783640861511	NA	NA	NA	6.86930227279663	NA
NUP93	6.75608924737	6.98710781335831	NA	6.21193754673004	NA	NA	NA	6.62654829025269	NA
NUTF2	7.79044624804	7.7662792801857	NA	7.75107884407043	NA	NA	NA	7.96878862380981	NA
OARD1	6.17412673742	5.58506697416306	NA	5.94435024261475	NA	NA	NA	5.94655132293701	NA
OSGEP	6.81211311298	6.84822189807892	NA	6.75228023529053	NA	NA	NA	6.80628895759583	NA
OXA1L	7.41362792902	7.78423827886581	NA	7.13674402236938	NA	NA	NA	7.33040046691895	NA
PABPN1	8.5351198216	8.56903433799744	NA	8.12301778793335	NA	NA	NA	8.30953931808472	NA
PAK1IP1	5.81326814177	5.25933957099915	NA	5.15628385543823	NA	NA	NA	5.26945984363556	NA
PARP1	7.95407995932	8.27760529518127	NA	7.77490901947021	NA	NA	NA	7.92052221298218	NA
PARP2	6.79688323324	7.01827472448349	NA	6.61728739738464	NA	NA	NA	6.47985482215881	NA
PBDC1	6.22438762793	6.26566237211227	NA	5.68252289295197	NA	NA	NA	5.74411869049072	NA
PBX2	7.30314143786	7.48248237371445	NA	6.29312086105347	NA	NA	NA	6.73132705688477	NA
PDCL3	6.11582397744	6.01596403121948	NA	5.56615877151489	NA	NA	NA	5.7644054889679	NA
PDHA1	7.9267110991	8.28276395797729	NA	7.69200396537781	NA	NA	NA	7.72700476646423	NA
PFDN6	7.8742436792	7.81340706348419	NA	7.47748649120331	NA	NA	NA	7.66628503799438	NA
PIP5K1A	7.07156962214	7.12911862134933	NA	6.14824521541595	NA	NA	NA	6.4295608997345	NA
PLAGL1	6.84937382267	9.53091952204704	NA	4.07374328374863	NA	NA	NA	5.89752435684204	NA
PNN	7.87190523766	9.00548851490021	NA	6.95521295070648	NA	NA	NA	7.19646763801575	NA
POLB	6.48751850607	6.57711786031723	NA	5.48421192169189	NA	NA	NA	6.0145800113678	NA
POLR1C	5.83137058797	5.99861639738083	NA	5.74505650997162	NA	NA	NA	5.76725244522095	NA
POLR2D	5.98390566263	5.99540987610817	NA	5.39281290769577	NA	NA	NA	5.64363467693329	NA
POLR3D	6.2789140195	6.40054547786713	NA	5.61367428302765	NA	NA	NA	5.78026115894318	NA
PPAN	6.49952702422	6.8122683763504	NA	6.30875039100647	NA	NA	NA	6.3410964012146	NA
PPIA	12.4036298847	12.0627262592316	NA	11.8187329769135	NA	NA	NA	12.2389426231384	NA
PPIH	7.24631306996	6.96891438961029	NA	6.87701022624969	NA	NA	NA	7.4604172706604	NA
PPIL1	6.87823487911	6.31262600421906	NA	6.63787281513214	NA	NA	NA	6.73925018310547	NA
PPM1G	7.97171597732	7.27921432256699	NA	7.17710542678833	NA	NA	NA	7.31220746040344	NA
PPP6R1	7.03979640762	6.54956459999084	NA	6.31254577636719	NA	NA	NA	6.2646267414093	NA
PPP6R3	6.23476954003	6.9572662115097	NA	6.03755211830139	NA	NA	NA	6.18559718132019	NA
PRAME	7.99186193056	16.4216864798218	NA	0.488497875630856	NA	NA	NA	2.98246536729857	NA
PREB	6.80980027755	7.01992571353912	NA	6.42518091201782	NA	NA	NA	6.41926288604736	NA
PREP	6.07489072013	6.17827862501144	NA	5.35144412517548	NA	NA	NA	5.72905361652374	NA
PRMT5	7.95093492831	7.15299659967422	NA	7.21925938129425	NA	NA	NA	7.24502635002136	NA
PRPF3	7.17412673742	7.6836239695549	NA	6.89592969417572	NA	NA	NA	6.91241598129272	NA
PRPF31	8.40322510903	6.95518046617508	NA	7.12645578384399	NA	NA	NA	7.11486482620239	NA
PRPF40A	7.07948478383	6.88235569000244	NA	6.58722591400146	NA	NA	NA	7.02229428291321	NA
PSMA3-AS1	6.32409051604	7.63977068662643	NA	6.16358602046967	NA	NA	NA	6.30160117149353	NA
PSMA6	8.5689061545	8.4313023686409	NA	8.14459562301636	NA	NA	NA	8.10721278190613	NA
PSMB4	9.2816982501	9.80198585987091	NA	9.19515883922577	NA	NA	NA	9.20016551017761	NA
PSMB5	8.74052285835	8.19001632928848	NA	8.02056479454041	NA	NA	NA	8.1919686794281	NA
PSMC1	8.21499901884	8.09411543607712	NA	7.63592135906219	NA	NA	NA	7.93277168273926	NA
PSMC6	7.23830919344	7.36994481086731	NA	6.82377684116364	NA	NA	NA	6.99160957336426	NA
PSMD11	7.38266725275	7.00870949029922	NA	6.58370506763458	NA	NA	NA	6.90341258049011	NA
PSMD12	6.25209770304	5.89735007286072	NA	5.61395764350891	NA	NA	NA	5.67685282230377	NA
PSMD3	7.56346323668	7.5986300110817	NA	7.51199746131897	NA	NA	NA	7.53085112571716	NA
PSMD4	9.14870536149	8.98468488454819	NA	8.19300043582916	NA	NA	NA	8.33047413825989	NA
PSMD7	7.62263756654	7.27319997549057	NA	7.1593005657196	NA	NA	NA	7.10943245887756	NA
PSMG1	6.3883617684	7.25597113370895	NA	6.17406976222992	NA	NA	NA	6.34191465377808	NA
PSMG3	7.56529252058	7.97522675991058	NA	7.22066211700439	NA	NA	NA	7.21567797660828	NA
PTH1R	6.00292750206	7.86283257603645	NA	5.62722992897034	NA	NA	NA	5.82993996143341	NA
PTMA	11.4473828953	11.272308588028	NA	10.8444042205811	NA	NA	NA	11.8634586334229	NA
QPRT	7.75602251001	8.72435232996941	NA	7.03780555725098	NA	NA	NA	7.74613177776337	NA
RAD51C	6.24145887127	6.48554021120071	NA	5.98938131332397	NA	NA	NA	6.0726261138916	NA
RALA	6.60895705222	6.83417618274689	NA	6.43122136592865	NA	NA	NA	6.43251299858093	NA
RARS	6.90255600534	6.55003941059113	NA	5.82245969772339	NA	NA	NA	6.42661023139954	NA
RARS2	6.49377540846	6.13274258375168	NA	5.43923079967499	NA	NA	NA	6.03464794158936	NA
RBM28	6.80193464627	6.32504907250404	NA	5.9621570110321	NA	NA	NA	5.96926248073578	NA
RBM34	7.11696769451	7.20476138591766	NA	6.89135921001434	NA	NA	NA	6.8944399356842	NA
RBM8A	8.96436975029	8.39604967832565	NA	7.95456910133362	NA	NA	NA	8.33249664306641	NA
RDH14	5.77557736093	5.74293398857117	NA	5.00723540782928	NA	NA	NA	5.11536180973053	NA
REEP4	6.20789285164	6.54233378171921	NA	5.90813392400742	NA	NA	NA	6.05133104324341	NA
RHNO1	6.65821148275	6.51336389780045	NA	6.08371162414551	NA	NA	NA	6.49461197853088	NA
RNASEH1	5.77873424412	5.18601760268211	NA	4.87355095148087	NA	NA	NA	4.85004055500031	NA
RNF212	6.10118781526	10.7939214259386	NA	2.5851467102766	NA	NA	NA	3.17289887368679	NA
RNF25	6.52825874276	6.13094526529312	NA	6.16324830055237	NA	NA	NA	6.11642456054688	NA
RNF31	6.55043897761	6.72167176008224	NA	6.19398784637451	NA	NA	NA	6.1982114315033	NA
RP11-14P20.1	5.84849775539	0	NA	0	NA	NA	NA	0	NA
RP11-423H2.1	7.06899318861	6.48198986053467	NA	5.60982346534729	NA	NA	NA	6.33752715587616	NA
RP11-632C17__A.1	8.1332449831	7.01942864060402	NA	7.34351086616516	NA	NA	NA	7.27521026134491	NA
RP4-765C7.2	6.39848719002	2.45018977671862	NA	2.29615956544876	NA	NA	NA	2.90890365839005	NA
RP9	6.82718389582	5.8275979757309	NA	5.56722044944763	NA	NA	NA	5.95030438899994	NA
RPF2	6.08065766335	5.88828861713409	NA	5.14220058917999	NA	NA	NA	5.63439106941223	NA
RPL26L1	7.22901103701	7.02641475200653	NA	6.95394647121429	NA	NA	NA	7.11931467056274	NA
RPS6KB2	6.33252892811	6.6660943031311	NA	5.9528728723526	NA	NA	NA	6.11681461334229	NA
RRP36	7.11790278909	6.77486473321915	NA	6.53080487251282	NA	NA	NA	6.60264253616333	NA
RRP9	5.88313201566	5.79722493886948	NA	5.70002174377441	NA	NA	NA	5.74534678459167	NA
SAP25	8.75515464318	6.62358744442463	NA	4.87942185997963	NA	NA	NA	5.0310135781765	NA
SCFD1	6.5397791917	6.89292734861374	NA	6.20123767852783	NA	NA	NA	6.24705529212952	NA
SCNM1	7.57833494868	7.56725031137466	NA	7.04614329338074	NA	NA	NA	7.1320686340332	NA
SEC13	7.62804448262	8.78928655385971	NA	7.50583875179291	NA	NA	NA	7.49475622177124	NA
SEC23A	6.41835863488	7.7290620803833	NA	5.74692064523697	NA	NA	NA	6.23147571086884	NA
SEMA3A	5.80245174128	6.36979037895799	NA	3.81698255240917	NA	NA	NA	5.0235929787159	NA
SEMA4C	6.33860269035	7.06337386369705	NA	5.9420337677002	NA	NA	NA	6.02759504318237	NA
SEPT6	7.35887093969	7.49104398488998	NA	5.9772025346756	NA	NA	NA	7.03412699699402	NA
SETDB1	6.45680614923	7.0829097032547	NA	5.93026673793793	NA	NA	NA	6.30370759963989	NA
SF3A3	7.19810120932	7.17076420783997	NA	6.66247451305389	NA	NA	NA	6.92612314224243	NA
SF3B3	8.8489984304	8.58822268247604	NA	8.33789479732513	NA	NA	NA	8.64128351211548	NA
SF3B5	8.65738991258	8.71737694740295	NA	8.18192172050476	NA	NA	NA	8.30428504943848	NA
SF3B6	9.10071489524	8.09891778230667	NA	7.72499585151672	NA	NA	NA	8.0194251537323	NA
SKA2	7.60318122901	7.60066372156143	NA	7.34707129001617	NA	NA	NA	7.53577351570129	NA
SLC2A3	7.52450253745	8.15777653455734	NA	7.14740616083145	NA	NA	NA	7.07458567619324	NA
SLC4A1AP	5.74523733213	5.29170048236847	NA	5.50953805446625	NA	NA	NA	5.43629240989685	NA
SLC50A1	6.17971008387	7.03212738037109	NA	5.26990735530853	NA	NA	NA	5.52337205410004	NA
SLC5A6	6.1497471195	6.75445690751076	NA	5.74235868453979	NA	NA	NA	5.96051287651062	NA
SMARCE1	8.76470575419	8.45203626155853	NA	7.92785155773163	NA	NA	NA	8.37346792221069	NA
SMEK1	6.58901438523	7.05134177207947	NA	6.43822169303894	NA	NA	NA	6.53145003318787	NA
SNHG15	7.07841770165	7.69742262363434	NA	6.43393313884735	NA	NA	NA	6.60923671722412	NA
SNRPA1	6.74779018083	6.85172122716904	NA	6.2945808172226	NA	NA	NA	6.69280457496643	NA
SNRPC	8.75628944095	8.37789177894592	NA	8.21590459346771	NA	NA	NA	8.81934428215027	NA
SNRPD1	8.53900367427	8.05458873510361	NA	7.44976997375488	NA	NA	NA	8.09408617019653	NA
SNW1	6.48928602263	6.84520173072815	NA	6.3558247089386	NA	NA	NA	6.47588133811951	NA
SNX8	6.34713411376	6.97787320613861	NA	6.28700685501099	NA	NA	NA	6.33153295516968	NA
SPDL1	5.82984955984	6.11859911680222	NA	4.69600701332092	NA	NA	NA	5.43756365776062	NA
SRP54	7.20838069361	6.56109744310379	NA	6.09186446666718	NA	NA	NA	6.10691142082214	NA
SRP68	6.7592890159	6.90093225240707	NA	6.57587945461273	NA	NA	NA	6.58942317962646	NA
SS18	6.58300752721	6.90016430616379	NA	6.26101875305176	NA	NA	NA	6.51004528999329	NA
SSB	7.89445401282	8.31866204738617	NA	7.38610541820526	NA	NA	NA	7.61465072631836	NA
SSBP1	8.90992307712	8.20874798297882	NA	8.48317861557007	NA	NA	NA	8.51100993156433	NA
SSU72	7.98430451985	8.19014370441437	NA	7.75872492790222	NA	NA	NA	7.73064970970154	NA
STK19	6.00943675561	6.15127545595169	NA	5.87090814113617	NA	NA	NA	5.93823003768921	NA
STOML2	7.8745510869	7.81083261966705	NA	7.29654741287231	NA	NA	NA	7.64498329162598	NA
STRA6	5.75328361646	8.56061346083879	NA	3.35275176167488	NA	NA	NA	5.41871064901352	NA
STX4	7.0950804919	7.4476312994957	NA	6.68188571929932	NA	NA	NA	6.84889340400696	NA
SUPT16H	7.72478667745	7.64260053634644	NA	6.96523547172546	NA	NA	NA	7.2892005443573	NA
SUPT6H	6.39951292418	6.53565186262131	NA	6.22398197650909	NA	NA	NA	6.27772045135498	NA
SUPT7L	6.08321336825	6.45707869529724	NA	5.82610499858856	NA	NA	NA	5.8848443031311	NA
SYNCRIP	7.50755681372	7.29260241985321	NA	6.83078622817993	NA	NA	NA	7.2189245223999	NA
TAF11	6.47816289274	6.40391755104065	NA	5.61977469921112	NA	NA	NA	6.10634660720825	NA
TAF15	7.9233869155	7.88672858476639	NA	7.88368892669678	NA	NA	NA	8.09996438026428	NA
TARS2	6.33931557241	5.86779126524925	NA	5.57930171489716	NA	NA	NA	5.6606912612915	NA
TBRG4	7.13000418419	6.7227401137352	NA	6.59433794021606	NA	NA	NA	6.62520313262939	NA
TCOF1	6.74631276643	5.94808614253998	NA	4.7905740737915	NA	NA	NA	5.51226961612701	NA
TES	5.82731094395	9.79785895347595	NA	4.29811197519302	NA	NA	NA	5.81767159700394	NA
TFPT	6.9501184295	6.60606873035431	NA	6.46489799022675	NA	NA	NA	6.49822735786438	NA
THOC3	7.33109608376	6.64206957817078	NA	6.29246044158936	NA	NA	NA	6.94788765907288	NA
TIMM44	6.80064109733	7.54138475656509	NA	6.55092442035675	NA	NA	NA	6.64880633354187	NA
TIMM9	7.77945672463	7.16631978750229	NA	6.63903832435608	NA	NA	NA	6.82717204093933	NA
TM2D2	6.56651075586	7.18236631155014	NA	6.41002380847931	NA	NA	NA	6.44024753570557	NA
TMEM11	5.75542173473	6.45374488830566	NA	5.4175660610199	NA	NA	NA	5.45892548561096	NA
TMEM18	6.66106547981	6.44060087203979	NA	5.6045618057251	NA	NA	NA	5.83758759498596	NA
TMEM214	6.98116766711	7.38302981853485	NA	6.33733534812927	NA	NA	NA	6.56064820289612	NA
TOMM40	6.85412035609	7.06427782773972	NA	6.56925129890442	NA	NA	NA	6.74637150764465	NA
TOMM6	9.10192316062	8.72471678256989	NA	8.53271722793579	NA	NA	NA	8.95510387420654	NA
TOP3A	6.18229502503	6.33026117086411	NA	5.38314539194107	NA	NA	NA	5.58923053741455	NA
TOX4	6.74658149979	6.79001116752625	NA	6.39155256748199	NA	NA	NA	6.42085933685303	NA
TRA2A	7.54218064989	7.9682981967926	NA	7.09679901599884	NA	NA	NA	7.22691369056702	NA
TRAPPC2B	5.90496571868	5.18459641933441	NA	5.12458109855652	NA	NA	NA	5.11697864532471	NA
TRIM28	10.0992952043	10.0130794644356	NA	9.68138909339905	NA	NA	NA	10.2210941314697	NA
TRIP12	6.88007325388	7.02374845743179	NA	6.62750327587128	NA	NA	NA	6.69103860855103	NA
TWIST1	6.18467702068	10.4542743265629	NA	4.25628075003624	NA	NA	NA	4.79968842864037	NA
TXNDC5	7.93563653784	9.10647642612457	NA	7.34967935085297	NA	NA	NA	7.8751540184021	NA
TXNDC9	6.07017462515	5.64675164222717	NA	5.38215136528015	NA	NA	NA	5.57755279541016	NA
U2AF2	8.54947665481	8.44036269187927	NA	8.31425511837006	NA	NA	NA	8.45757460594177	NA
UBE2M	8.0944472217	7.40983444452286	NA	7.72278082370758	NA	NA	NA	7.55363869667053	NA
UBE2S	9.18348651446	8.93581342697144	NA	7.6718817949295	NA	NA	NA	8.78845405578613	NA
UCHL5	6.26209484537	5.83369964361191	NA	5.68770253658295	NA	NA	NA	5.76562333106995	NA
UPF3B	6.36369674484	5.64590412378311	NA	4.73999363183975	NA	NA	NA	5.11291253566742	NA
UTP11L	6.34234139743	6.80308431386948	NA	5.83448541164398	NA	NA	NA	6.10432767868042	NA
UTP18	6.01234519042	6.32443523406982	NA	5.9569376707077	NA	NA	NA	5.98380374908447	NA
UTP6	6.82247523231	6.79194217920303	NA	6.51287698745728	NA	NA	NA	6.54712176322937	NA
VPS45	6.88141990809	6.61664938926697	NA	6.40245521068573	NA	NA	NA	6.49854111671448	NA
WDR12	6.74308405555	7.41629189252853	NA	6.32670366764069	NA	NA	NA	6.43196725845337	NA
WDR43	6.27928556085	6.13359037041664	NA	5.13832318782806	NA	NA	NA	5.37870240211487	NA
WDR46	7.09761079663	7.24009746313095	NA	6.32695055007935	NA	NA	NA	6.42812943458557	NA
WDR74	6.75462031167	6.85750210285187	NA	6.59043645858765	NA	NA	NA	6.58519220352173	NA
WDR75	5.88044064789	6.41533643007278	NA	5.37483304738998	NA	NA	NA	5.65303421020508	NA
WRNIP1	6.44145028022	7.29735642671585	NA	6.22648870944977	NA	NA	NA	6.28593349456787	NA
WT1	5.97223312381	4.6227777544409	NA	0.277918633073568	NA	NA	NA	1.23948626220226	NA
YAE1D1	6.32517051238	6.0530366897583	NA	6.14565634727478	NA	NA	NA	6.12977147102356	NA
YKT6	7.98766194203	7.48019516468048	NA	7.63289952278137	NA	NA	NA	7.60954475402832	NA
YY1	6.60614607807	6.71981239318848	NA	6.1165965795517	NA	NA	NA	6.38705730438232	NA
ZBTB8OS	6.37799132691	6.73069852590561	NA	6.11108899116516	NA	NA	NA	6.15428495407104	NA
ZC3H18	5.97590527352	6.00779592990875	NA	5.77554500102997	NA	NA	NA	5.81392359733582	NA
ZMIZ2	7.25898994729	7.49439203739166	NA	7.08994364738464	NA	NA	NA	7.11099624633789	NA
ZNF274	6.33539035469	5.55702868103981	NA	5.51904344558716	NA	NA	NA	5.46700012683868	NA
ZNF444	6.11977116195	6.10351592302322	NA	6.09663724899292	NA	NA	NA	6.22656035423279	NA
ZNF544	6.21451341008	5.62364408373833	NA	5.45507657527924	NA	NA	NA	5.67543208599091	NA
ZNF580	6.7754456741	6.33517128229141	NA	6.56243455410004	NA	NA	NA	6.94715905189514	NA
ZNF787	5.92076967302	5.77666032314301	NA	5.61938273906708	NA	NA	NA	5.62626051902771	NA
ZNF814	6.55933884761	6.21747174859047	NA	5.39718222618103	NA	NA	NA	5.81232273578644	NA
ZPR1	7.22032995488	6.49915415048599	NA	6.26332890987396	NA	NA	NA	6.33191514015198	NA
